[
  {
    "orderId": "ORD-001",
    "user": {
      "userId": "USR-101",
      "name": "John Doe",
      "email": "johndoe@example.com",
      "phone": "+8801712345678",
      "address": {
        "courierOfficeName": "Sundarban Courier Service",
        "location": "Main Branch",
        "state": "Dhaka",
        "district": "Dhaka",
        "upazila": "Uttara"
      }
    },
    "products": [
      {
        "id": 1,
        "name": "Beautiful Henna Pattern",
        "price": 120,
        "quantity": 2,
        "imageUrl": "/images/product/product1.jpeg"
      },
      {
        "id": 2,
        "name": "Elegant Henna Design",
        "price": 110,
        "quantity": 1,
        "imageUrl": "/images/product/product2.jpeg"
      }
    ],
    "orderDetails": {
      "subtotal": 350,
      "tax": 35,
      "shippingFee": 10,
      "total": 395
    },
    "orderStatus": "Processing",
    "paymentStatus": "Paid",
    "paymentMethod": "Credit Card",
    "createdAt": "2024-11-24T10:00:00Z",
    "updatedAt": "2024-11-24T10:05:00Z"
  },
  {
    "orderId": "ORD-002",
    "user": {
      "userId": "USR-102",
      "name": "Jane Smith",
      "email": "janesmith@example.com",
      "phone": "+8801812345678",
      "address": {
        "courierOfficeName": "SA Paribahan",
        "location": "Chattogram Branch",
        "state": "Chattogram",
        "district": "Chattogram",
        "upazila": "Pahartali"
      }
    },
    "products": [
      {
        "id": 3,
        "name": "Beautiful Henna Pattern",
        "price": 105,
        "quantity": 1,
        "imageUrl": "/images/product/product3.jpeg"
      }
    ],
    "orderDetails": {
      "subtotal": 105,
      "tax": 10.5,
      "shippingFee": 5,
      "total": 120.5
    },
    "orderStatus": "Delivered",
    "paymentStatus": "Paid",
    "paymentMethod": "Bkash",
    "createdAt": "2024-11-23T12:00:00Z",
    "updatedAt": "2024-11-24T08:00:00Z"
  },
  {
    "orderId": "ORD-003",
    "user": {
      "userId": "USR-102",
      "name": "Jane Smith",
      "email": "janesmith@example.com",
      "phone": "+8801812345678",
      "address": {
        "courierOfficeName": "SA Paribahan",
        "location": "Chattogram Branch",
        "state": "Chattogram",
        "district": "Chattogram",
        "upazila": "Pahartali"
      }
    },
    "products": [
      {
        "id": 3,
        "name": "Beautiful Henna Pattern",
        "price": 105,
        "quantity": 1,
        "imageUrl": "/images/product/product3.jpeg"
      }
    ],
    "orderDetails": {
      "subtotal": 105,
      "tax": 10.5,
      "shippingFee": 5,
      "total": 120.5
    },
    "orderStatus": "Delivered",
    "paymentStatus": "Paid",
    "paymentMethod": "Bkash",
    "createdAt": "2024-11-23T12:00:00Z",
    "updatedAt": "2024-11-24T08:00:00Z"
  },
  {
    "orderId": "ORD-004",
    "user": {
      "userId": "USR-102",
      "name": "Jane Smith",
      "email": "janesmith@example.com",
      "phone": "+8801812345678",
      "address": {
        "courierOfficeName": "SA Paribahan",
        "location": "Chattogram Branch",
        "state": "Chattogram",
        "district": "Chattogram",
        "upazila": "Pahartali"
      }
    },
    "products": [
      {
        "id": 3,
        "name": "Beautiful Henna Pattern",
        "price": 105,
        "quantity": 1,
        "imageUrl": "/images/product/product3.jpeg"
      }
    ],
    "orderDetails": {
      "subtotal": 105,
      "tax": 10.5,
      "shippingFee": 5,
      "total": 120.5
    },
    "orderStatus": "Canceled",
    "paymentStatus": "Paid",
    "paymentMethod": "Bkash",
    "createdAt": "2024-11-23T12:00:00Z",
    "updatedAt": "2024-11-24T08:00:00Z"
  },
  {
    "orderId": "ORD-005",
    "user": {
      "userId": "USR-102",
      "name": "Jane Smith",
      "email": "janesmith@example.com",
      "phone": "+8801812345678",
      "address": {
        "courierOfficeName": "SA Paribahan",
        "location": "Chattogram Branch",
        "state": "Chattogram",
        "district": "Chattogram",
        "upazila": "Pahartali"
      }
    },
    "products": [
      {
        "id": 3,
        "name": "Beautiful Henna Pattern",
        "price": 105,
        "quantity": 1,
        "imageUrl": "/images/product/product3.jpeg"
      }
    ],
    "orderDetails": {
      "subtotal": 105,
      "tax": 10.5,
      "shippingFee": 5,
      "total": 120.5
    },
    "orderStatus": "Delivered",
    "paymentStatus": "Paid",
    "paymentMethod": "Bkash",
    "createdAt": "2024-11-23T12:00:00Z",
    "updatedAt": "2024-11-24T08:00:00Z"
  },
  {
    "orderId": "ORD-006",
    "user": {
      "userId": "USR-102",
      "name": "Jane Smith",
      "email": "janesmith@example.com",
      "phone": "+8801812345678",
      "address": {
        "courierOfficeName": "SA Paribahan",
        "location": "Chattogram Branch",
        "state": "Chattogram",
        "district": "Chattogram",
        "upazila": "Pahartali"
      }
    },
    "products": [
      {
        "id": 3,
        "name": "Beautiful Henna Pattern",
        "price": 105,
        "quantity": 1,
        "imageUrl": "/images/product/product3.jpeg"
      }
    ],
    "orderDetails": {
      "subtotal": 105,
      "tax": 10.5,
      "shippingFee": 5,
      "total": 120.5
    },
    "orderStatus": "Delivered",
    "paymentStatus": "Paid",
    "paymentMethod": "Bkash",
    "createdAt": "2024-11-23T12:00:00Z",
    "updatedAt": "2024-11-24T08:00:00Z"
  },
  {
    "orderId": "ORD-007",
    "user": {
      "userId": "USR-102",
      "name": "Jane Smith",
      "email": "janesmith@example.com",
      "phone": "+8801812345678",
      "address": {
        "courierOfficeName": "SA Paribahan",
        "location": "Chattogram Branch",
        "state": "Chattogram",
        "district": "Chattogram",
        "upazila": "Pahartali"
      }
    },
    "products": [
      {
        "id": 3,
        "name": "Beautiful Henna Pattern",
        "price": 105,
        "quantity": 1,
        "imageUrl": "/images/product/product3.jpeg"
      }
    ],
    "orderDetails": {
      "subtotal": 105,
      "tax": 10.5,
      "shippingFee": 5,
      "total": 120.5
    },
    "orderStatus": "Canceled",
    "paymentStatus": "Paid",
    "paymentMethod": "Bkash",
    "createdAt": "2024-11-23T12:00:00Z",
    "updatedAt": "2024-11-24T08:00:00Z"
  },
  {
    "orderId": "ORD-008",
    "user": {
      "userId": "USR-102",
      "name": "Jane Smith",
      "email": "janesmith@example.com",
      "phone": "+8801812345678",
      "address": {
        "courierOfficeName": "SA Paribahan",
        "location": "Chattogram Branch",
        "state": "Chattogram",
        "district": "Chattogram",
        "upazila": "Pahartali"
      }
    },
    "products": [
      {
        "id": 3,
        "name": "Beautiful Henna Pattern",
        "price": 105,
        "quantity": 1,
        "imageUrl": "/images/product/product3.jpeg"
      }
    ],
    "orderDetails": {
      "subtotal": 105,
      "tax": 10.5,
      "shippingFee": 5,
      "total": 120.5
    },
    "orderStatus": "Delivered",
    "paymentStatus": "Paid",
    "paymentMethod": "Bkash",
    "createdAt": "2024-11-23T12:00:00Z",
    "updatedAt": "2024-11-24T08:00:00Z"
  },
  {
    "orderId": "ORD-009",
    "user": {
      "userId": "USR-102",
      "name": "Jane Smith",
      "email": "janesmith@example.com",
      "phone": "+8801812345678",
      "address": {
        "courierOfficeName": "SA Paribahan",
        "location": "Chattogram Branch",
        "state": "Chattogram",
        "district": "Chattogram",
        "upazila": "Pahartali"
      }
    },
    "products": [
      {
        "id": 3,
        "name": "Beautiful Henna Pattern",
        "price": 105,
        "quantity": 1,
        "imageUrl": "/images/product/product3.jpeg"
      }
    ],
    "orderDetails": {
      "subtotal": 105,
      "tax": 10.5,
      "shippingFee": 5,
      "total": 120.5
    },
    "orderStatus": "Delivered",
    "paymentStatus": "Paid",
    "paymentMethod": "Bkash",
    "createdAt": "2024-11-23T12:00:00Z",
    "updatedAt": "2024-11-24T08:00:00Z"
  },
  {
    "orderId": "ORD-010",
    "user": {
      "userId": "USR-102",
      "name": "Jane Smith",
      "email": "janesmith@example.com",
      "phone": "+8801812345678",
      "address": {
        "courierOfficeName": "SA Paribahan",
        "location": "Chattogram Branch",
        "state": "Chattogram",
        "district": "Chattogram",
        "upazila": "Pahartali"
      }
    },
    "products": [
      {
        "id": 3,
        "name": "Beautiful Henna Pattern",
        "price": 105,
        "quantity": 1,
        "imageUrl": "/images/product/product3.jpeg"
      }
    ],
    "orderDetails": {
      "subtotal": 105,
      "tax": 10.5,
      "shippingFee": 5,
      "total": 120.5
    },
    "orderStatus": "Canceled",
    "paymentStatus": "Paid",
    "paymentMethod": "Bkash",
    "createdAt": "2024-11-23T12:00:00Z",
    "updatedAt": "2024-11-24T08:00:00Z"
  },
  {
    "orderId": "ORD-011",
    "user": {
      "userId": "USR-102",
      "name": "Jane Smith",
      "email": "janesmith@example.com",
      "phone": "+8801812345678",
      "address": {
        "courierOfficeName": "SA Paribahan",
        "location": "Chattogram Branch",
        "state": "Chattogram",
        "district": "Chattogram",
        "upazila": "Pahartali"
      }
    },
    "products": [
      {
        "id": 3,
        "name": "Beautiful Henna Pattern",
        "price": 105,
        "quantity": 1,
        "imageUrl": "/images/product/product3.jpeg"
      }
    ],
    "orderDetails": {
      "subtotal": 105,
      "tax": 10.5,
      "shippingFee": 5,
      "total": 120.5
    },
    "orderStatus": "Delivered",
    "paymentStatus": "Paid",
    "paymentMethod": "Bkash",
    "createdAt": "2024-11-23T12:00:00Z",
    "updatedAt": "2024-11-24T08:00:00Z"
  },
  {
    "orderId": "ORD-012",
    "user": {
      "userId": "USR-102",
      "name": "Jane Smith",
      "email": "janesmith@example.com",
      "phone": "+8801812345678",
      "address": {
        "courierOfficeName": "SA Paribahan",
        "location": "Chattogram Branch",
        "state": "Chattogram",
        "district": "Chattogram",
        "upazila": "Pahartali"
      }
    },
    "products": [
      {
        "id": 3,
        "name": "Beautiful Henna Pattern",
        "price": 105,
        "quantity": 1,
        "imageUrl": "/images/product/product3.jpeg"
      }
    ],
    "orderDetails": {
      "subtotal": 105,
      "tax": 10.5,
      "shippingFee": 5,
      "total": 120.5
    },
    "orderStatus": "Delivered",
    "paymentStatus": "Paid",
    "paymentMethod": "Bkash",
    "createdAt": "2024-11-23T12:00:00Z",
    "updatedAt": "2024-11-24T08:00:00Z"
  },
  {
    "orderId": "ORD-013",
    "user": {
      "userId": "USR-102",
      "name": "Jane Smith",
      "email": "janesmith@example.com",
      "phone": "+8801812345678",
      "address": {
        "courierOfficeName": "SA Paribahan",
        "location": "Chattogram Branch",
        "state": "Chattogram",
        "district": "Chattogram",
        "upazila": "Pahartali"
      }
    },
    "products": [
      {
        "id": 3,
        "name": "Beautiful Henna Pattern",
        "price": 105,
        "quantity": 1,
        "imageUrl": "/images/product/product3.jpeg"
      }
    ],
    "orderDetails": {
      "subtotal": 105,
      "tax": 10.5,
      "shippingFee": 5,
      "total": 120.5
    },
    "orderStatus": "Canceled",
    "paymentStatus": "Paid",
    "paymentMethod": "Bkash",
    "createdAt": "2024-11-23T12:00:00Z",
    "updatedAt": "2024-11-24T08:00:00Z"
  },
  {
    "orderId": "ORD-014",
    "user": {
      "userId": "USR-102",
      "name": "Jane Smith",
      "email": "janesmith@example.com",
      "phone": "+8801812345678",
      "address": {
        "courierOfficeName": "SA Paribahan",
        "location": "Chattogram Branch",
        "state": "Chattogram",
        "district": "Chattogram",
        "upazila": "Pahartali"
      }
    },
    "products": [
      {
        "id": 3,
        "name": "Beautiful Henna Pattern",
        "price": 105,
        "quantity": 1,
        "imageUrl": "/images/product/product3.jpeg"
      }
    ],
    "orderDetails": {
      "subtotal": 105,
      "tax": 10.5,
      "shippingFee": 5,
      "total": 120.5
    },
    "orderStatus": "Delivered",
    "paymentStatus": "Paid",
    "paymentMethod": "Bkash",
    "createdAt": "2024-11-23T12:00:00Z",
    "updatedAt": "2024-11-24T08:00:00Z"
  }
]
